,title,link_to_recipe,link_to_image
0,Nekeptas tortas su bananais ir ananasais „Banana Split“,https://www.lamaistas.lt/receptas/nekeptas-tortas-su-bananais-ir-ananasais-80817,https://www.lamaistas.lt/uploads/modules/recipes/thumb300x224/39195.jpg
1,Obuolių pyragas „Šarlotė“,https://www.lamaistas.lt/receptas/obuoliu-pyragas-sarlote-81758,https://www.lamaistas.lt/uploads/modules/recipes/thumb300x224/41383.jpg
2,Trinta moliūgų sriuba su traškia šonine,https://www.lamaistas.lt/receptas/trinta-moliugu-sriuba-su-sonine-81672,https://www.lamaistas.lt/uploads/modules/recipes/thumb300x224/41043.jpg
3,Kakavinis varškės pyragas su obuoliais,https://www.lamaistas.lt/receptas/kakavinis-varskes-pyragas-su-obuoliais-81697,https://www.lamaistas.lt/uploads/modules/recipes/thumb300x224/41049.jpg
4,Traškūs TIK TOK tortilijų pyragėliai ala Crunchwrap,https://www.lamaistas.lt/receptas/traskus-tortiliju-pyrageliai-su-vistiena-81731,https://www.lamaistas.lt/uploads/modules/recipes/thumb300x224/41103.jpg
5,Sluoksniuotas desertas su bananais ir karamele,https://www.lamaistas.lt/receptas/sluoksniuotas-desetas-su-bananais-ir-karamele-80028,https://www.lamaistas.lt/uploads/modules/recipes/thumb300x224/36992.jpg
6,Greiti blyneliai su mėsyte,https://www.lamaistas.lt/receptas/greiti-blyneliai-su-mesyte-81854,https://www.lamaistas.lt/uploads/modules/recipes/thumb300x224/41640.jpg
7,Vegetariški barščiai su pupelėmis,https://www.lamaistas.lt/receptas/vegetariska-barsciu-versija-su-pupelemis-80621,https://www.lamaistas.lt/uploads/modules/recipes/thumb300x224/38514.jpg
8,Burokėlių ir pomidorų mišrainė žiemai,https://www.lamaistas.lt/receptas/burokeliu-ir-pomidoru-misraine-ziemai-10337,https://www.lamaistas.lt/uploads/modules/recipes/thumb300x224/14604.jpg
9,Greitas daržovių Stir Fry,https://www.lamaistas.lt/receptas/greitas-darzoviu-stir-fry-81728,https://www.lamaistas.lt/uploads/modules/recipes/thumb300x224/41089.jpg
10,Vištiena su brokoliais orkaitėje kreminiame padaže,https://www.lamaistas.lt/receptas/vistiena-su-brokoliais-orkaiteje-kreminiame-padaze-80856,https://www.lamaistas.lt/uploads/modules/recipes/thumb300x224/39055.jpg
11,Sluoksniuotas kivių ir šaldytų uogų glotnutis,https://www.lamaistas.lt/receptas/sluoksniuotas-kiviu-ir-saldytu-uogu-glotnutis-81622,https://www.lamaistas.lt/uploads/modules/recipes/thumb300x224/40826.jpg
12,Bulviniai lietiniai itališkai,https://www.lamaistas.lt/receptas/bulviniai-lietiniai-italiskai-81745,https://www.lamaistas.lt/uploads/modules/recipes/thumb300x224/41203.jpg
13,Soti bulvių ir rūkytos vištienos sriuba,https://www.lamaistas.lt/receptas/bulviu-ir-rukytos-vistienos-sriuba-81708,https://www.lamaistas.lt/uploads/modules/recipes/thumb300x224/41047.jpg
14,Citrininė žuvies file orkaitėje,https://www.lamaistas.lt/receptas/cesnakine-zuvies-file-orkaiteje-80692,https://www.lamaistas.lt/uploads/modules/recipes/thumb300x224/39018.jpg
15,Tobulas varškės apkepas,https://www.lamaistas.lt/receptas/tobulas-varskes-apkepas-64065,https://www.lamaistas.lt/uploads/modules/recipes/thumb300x224/29588.jpg
16,Prancūziški suktinukai su obuoliais,https://www.lamaistas.lt/receptas/prancuziski-suktinukai-su-obuoliais-81788,https://www.lamaistas.lt/uploads/modules/recipes/thumb300x224/41385.jpg
17,Drėgnas šokoladinis moliūgų pyragas,https://www.lamaistas.lt/receptas/dregnas-sokoladinis-moliugu-pyragas-58459,https://www.lamaistas.lt/uploads/modules/recipes/thumb300x224/17722.jpg
18,Kremiškas vištienos troškinys su bulvėmis ir daržovėmis,https://www.lamaistas.lt/receptas/kremiskas-vistienos-troskinys-su-bulvemis-ir-morkomis-81710,https://www.lamaistas.lt/uploads/modules/recipes/thumb300x224/41048.jpg
19,Trinta žiedinių kopūstų sriuba su sūriu ir šonine,https://www.lamaistas.lt/receptas/trinta-ziediniu-kopustu-sriuba-su-suriu-ir-sonine-62757,https://www.lamaistas.lt/uploads/modules/recipes/thumb300x224/26754.jpg
20,Greiti suktinukai su dešrelėmis,https://www.lamaistas.lt/receptas/greiti-suktinukai-su-desrelemis-81754,https://www.lamaistas.lt/uploads/modules/recipes/thumb300x224/41228.jpg
21,Avižiniai blyneliai su obuoliais (be kiaušinių),https://www.lamaistas.lt/receptas/aviziniai-blyneliai-su-obuoliais-63877,https://www.lamaistas.lt/uploads/modules/recipes/thumb300x224/29221.jpg
22,Orkaitėje užkepti Nachos,https://www.lamaistas.lt/receptas/orkaiteje-uzkepti-nachos-79808,https://www.lamaistas.lt/uploads/modules/recipes/thumb300x224/36559.jpg
23,Kiaušinių užtepėlė be majonezo,https://www.lamaistas.lt/receptas/kiausiniu-uztepele-be-majonezo-81721,https://www.lamaistas.lt/uploads/modules/recipes/thumb300x224/41069.jpg
24,Burokėlių sriuba su mėsos kukuliukais,https://www.lamaistas.lt/receptas/burokeliu-sriuba-su-mesos-kukuliukais-64050,https://www.lamaistas.lt/uploads/modules/recipes/thumb300x224/29567.jpg
25,Tobulas lęšių karis per 20 minučių,https://www.lamaistas.lt/receptas/tobulas-lesiu-karis-per-20-minuciu-65848,https://www.lamaistas.lt/uploads/modules/recipes/thumb300x224/33431.jpg
26,Kreminė moliūgų lazanija,https://www.lamaistas.lt/receptas/moliugu-lazanija-79669,https://www.lamaistas.lt/uploads/modules/recipes/thumb300x224/36369.jpg
27,Obuolienė su slyvomis,https://www.lamaistas.lt/receptas/obuoliene-su-slyvomis-81716,https://www.lamaistas.lt/uploads/modules/recipes/thumb300x224/41050.jpg
28,Tiršta grikių sriuba su vištiena,https://www.lamaistas.lt/receptas/tirsta-grikiu-sriuba-su-vistiena-63414,https://www.lamaistas.lt/uploads/modules/recipes/thumb300x224/28142.jpg
29,Obuolių pyragas tobulai traškiu viršumi,https://www.lamaistas.lt/receptas/obuoliu-pyragas-tobulai-traskiu-virsumi-81668,https://www.lamaistas.lt/uploads/modules/recipes/thumb300x224/40916.jpg
30,Vištiena ir daržovėmis įdarytas moliūgas,https://www.lamaistas.lt/receptas/idarytas-moliugas-su-vistiena-81670,https://www.lamaistas.lt/uploads/modules/recipes/thumb300x224/41040.jpg
31,Citrininis chia pudingas,https://www.lamaistas.lt/receptas/citrininis-chia-pudingas-81623,https://www.lamaistas.lt/uploads/modules/recipes/thumb300x224/40828.jpg
32,Greita vištiena keptuvėje su medaus ir garstyčių padažu,https://www.lamaistas.lt/receptas/greita-vistiena-keptuveje-su-medaus-ir-garstyciu-padazu-61494,https://www.lamaistas.lt/uploads/modules/recipes/thumb300x224/23902.jpg
33,Paprastas kriaušių pyragas,https://www.lamaistas.lt/receptas/paprastas-kriausiu-pyragas-81674,https://www.lamaistas.lt/uploads/modules/recipes/thumb300x224/40921.jpg
34,Vištienos krūtinėlė keptuvėje kremiškame svogūnų ir grietinės padaže,https://www.lamaistas.lt/receptas/vistienos-kepsneliai-kremiskame-svogunu-padaze-81705,https://www.lamaistas.lt/uploads/modules/recipes/thumb300x224/41005.jpg
35,Moliūginiai varškės virtinukai,https://www.lamaistas.lt/receptas/moliuginiai-varskes-virtinukai-60953,https://www.lamaistas.lt/uploads/modules/recipes/thumb300x224/22727.jpg
36,Snikerinis pyragas,https://www.lamaistas.lt/receptas/snikerinis-pyragas-13264,https://www.lamaistas.lt/uploads/modules/recipes/thumb300x224/32304.jpg
37,Tiršta brokolių ir sūrio sriuba,https://www.lamaistas.lt/receptas/tirsta-brokoliu-ir-surio-sriuba-61308,https://www.lamaistas.lt/uploads/modules/recipes/thumb300x224/33893.jpg
38,"Duonos pyragas su cukinijomis, kumpiu ir mocarela",https://www.lamaistas.lt/receptas/duonos-pyragas-su-cukinijomis-kumpiu-ir-mocarela-81687,https://www.lamaistas.lt/uploads/modules/recipes/thumb300x224/40961.jpg
39,Moliūginiai sausainiai su šokolado gabaliukais,https://www.lamaistas.lt/receptas/moliuginiai-sausainiai-su-sokolado-gabaliukais-81671,https://www.lamaistas.lt/uploads/modules/recipes/thumb300x224/40997.jpg
40,Žaliasis avokadų ir mangų glotnutis,https://www.lamaistas.lt/receptas/zaliasis-avokadu-ir-mangu-glotnutis-81621,https://www.lamaistas.lt/uploads/modules/recipes/thumb300x224/40824.jpg
41,Tobulas kokosinis obuolių pyragas,https://www.lamaistas.lt/receptas/greitas-obuoliu-pyragas-su-kokosais-32017,https://www.lamaistas.lt/uploads/modules/recipes/thumb300x224/31414.jpg
42,Sotus vištienos ir daržovių troškinys,https://www.lamaistas.lt/receptas/vistienos-ir-darzoviu-troskinys-81665,https://www.lamaistas.lt/uploads/modules/recipes/thumb300x224/40914.jpg
43,Orkaitėje kepti pomidorai su burrata sūriu,https://www.lamaistas.lt/receptas/orkaiteje-kepti-pomidorai-su-burata-79662,https://www.lamaistas.lt/uploads/modules/recipes/thumb300x224/36322.jpg
44,Prancūziškas obuolių pyragas - nes jis tobulas!,https://www.lamaistas.lt/receptas/prancuziskas-obuoliu-pyragas-24632,https://www.lamaistas.lt/uploads/modules/recipes/thumb300x224/40870.jpg
45,Moliūgų ir lęšių sriuba su kokoso pienu,https://www.lamaistas.lt/receptas/kokosine-sriuba-su-moliugais-ir-lesiais-81666,https://www.lamaistas.lt/uploads/modules/recipes/thumb300x224/40915.jpg
46,Itališki mėsos kukuliai pomidorų padaže,https://www.lamaistas.lt/receptas/italiski-mesos-kukuliai-pomidoru-padaze-65023,https://www.lamaistas.lt/uploads/modules/recipes/thumb300x224/31651.jpg
47,Šokoladinis chia pudingas su riešutų sviestu,https://www.lamaistas.lt/receptas/sokoladinis-chia-pudingas-su-riesutu-sviestu-81624,https://www.lamaistas.lt/uploads/modules/recipes/thumb300x224/40830.jpg
48,Purūs varškėčiai su obuoliais,https://www.lamaistas.lt/receptas/purus-varskeciai-su-obuoliais-81612,https://www.lamaistas.lt/uploads/modules/recipes/thumb300x224/40810.jpg
49,Vištienos kukuliai apkepti sūrio padaže,https://www.lamaistas.lt/receptas/vistienos-kukuliai-apkepti-surio-padaze-81579,https://www.lamaistas.lt/uploads/modules/recipes/thumb300x224/40723.jpg
50,Moliūgų pyrago kava „Pumpkin spice latte“,https://www.lamaistas.lt/receptas/moliugu-pyrago-kava-pumpkin-spice-latte-79548,https://www.lamaistas.lt/uploads/modules/recipes/thumb300x224/36173.jpg
51,Vištiena su daržovėmis orkaitėje - vienos skardos vakarienė,https://www.lamaistas.lt/receptas/vistiena-su-darzovemis-orkaiteje-vienos-skardos-vakariene-80203,https://www.lamaistas.lt/uploads/modules/recipes/thumb300x224/37503.jpg
52,Orkaitėje keptų moliūgų sriuba - mano pati skaniausia,https://www.lamaistas.lt/receptas/orkaiteje-keptu-moliugu-sriuba-mano-pati-skaniausia-60724,https://www.lamaistas.lt/uploads/modules/recipes/thumb300x224/23138.jpg
53,Trinta moliūgų sriuba su lydytu sūreliu,https://www.lamaistas.lt/receptas/trinta-moliugu-sriuba-su-lydytu-sureliu-79376,https://www.lamaistas.lt/uploads/modules/recipes/thumb300x224/36041.jpg
54,Vištienos blyneliai su pievagrybių padažu,https://www.lamaistas.lt/receptas/vistienos-blyneliai-su-pievagrybiu-padazu-81600,https://www.lamaistas.lt/uploads/modules/recipes/thumb300x224/40922.jpg
55,Drėgnas varškės keksas su kriaušėmis,https://www.lamaistas.lt/receptas/keksas-su-kriausemis-ir-varske-46547,https://www.lamaistas.lt/uploads/modules/recipes/thumb300x224/21907.jpg
56,Drėgnas moliūgų pyragas su obuoliais,https://www.lamaistas.lt/receptas/moliugu-pyragas-su-obuoliais-64870,https://www.lamaistas.lt/uploads/modules/recipes/thumb300x224/31868.jpg
57,Piemenų pyragas su vištiena ir žiediniais kopūstais (be bulvių),https://www.lamaistas.lt/receptas/piemenu-pyragas-su-vistiena-ir-ziediniais-kopustais-79851,https://www.lamaistas.lt/uploads/modules/recipes/thumb300x224/37099.jpg
58,Vištiena orkaitėje pomidorų padaže,https://www.lamaistas.lt/receptas/vistiena-orkaiteje-pomidoru-padaze-80224,https://www.lamaistas.lt/uploads/modules/recipes/thumb300x224/37552.jpg
59,Svarainių sirupas žiemai,https://www.lamaistas.lt/receptas/svarainiu-sirupas-ziemai-60744,https://www.lamaistas.lt/uploads/modules/recipes/thumb300x224/22250.jpg
60,Vasara kvepiantis keksas su baziliku ir braškėmis,https://www.lamaistas.lt/receptas/vasara-kvepiantis-keksas-su-baziliku-ir-braskemis-81652,https://www.lamaistas.lt/uploads/modules/recipes/thumb300x224/40896.jpg
61,Lietiniai mieliniai blynai pagal močiutės receptą,https://www.lamaistas.lt/receptas/mociutes-lietiniai-81853,https://www.lamaistas.lt/uploads/modules/recipes/thumb300x224/41639.jpg
62,Įdarytos cukinijos su faršu orkaitėje,https://www.lamaistas.lt/receptas/farsu-idarytos-cukinijos-orkaiteje-81681,https://www.lamaistas.lt/uploads/modules/recipes/thumb300x224/40936.jpg
63,Virtų bulvių cepelinai su varškės ir mėsos įdarais,https://www.lamaistas.lt/receptas/virtu-bulviu-cepelinai-su-varskes-ir-mesos-idarais-15066,https://www.lamaistas.lt/uploads/modules/recipes/thumb300x224/14611.jpg
64,Grybų ramenas su marinuotu kiaušiniu,https://www.lamaistas.lt/receptas/grybu-ramenas-su-marinuotu-kiausiniu-80329,https://www.lamaistas.lt/uploads/modules/recipes/thumb300x224/37853.jpg
65,Kremiški makaronai su sūriu ir dešrelėmis,https://www.lamaistas.lt/receptas/kremiski-makaronai-su-suriu-ir-desrelemis-81657,https://www.lamaistas.lt/uploads/modules/recipes/thumb300x224/40894.jpg
66,Naktinė avižinė košė su obuoliais,https://www.lamaistas.lt/receptas/naktine-avizine-kose-su-obuoliais-81625,https://www.lamaistas.lt/uploads/modules/recipes/thumb300x224/40832.jpg
67,Labai skanūs orkaitėje kepti burokėliai,https://www.lamaistas.lt/receptas/labai-skanus-orkaiteje-kepti-burokeliai-56367,https://www.lamaistas.lt/uploads/modules/recipes/thumb300x224/14555.jpg
68,Cukinijų uogienė su apelsinu ir citrina,https://www.lamaistas.lt/receptas/cukiniju-uogiene-su-apelsinu-ir-citrina-24202,https://www.lamaistas.lt/uploads/modules/recipes/thumb300x224/16626.jpg
69,Prancūziški kepti sumuštiniai Croque Monsieur,https://www.lamaistas.lt/receptas/prancuziski-kepti-sumustiniai-croque-monsieur-61403,https://www.lamaistas.lt/uploads/modules/recipes/thumb300x224/32897.jpg
70,Grybų padažas,https://www.lamaistas.lt/receptas/grybu-padazas-24749,https://www.lamaistas.lt/uploads/modules/recipes/thumb300x224/16005.jpg
71,Marinuoti žali pomidorai su paprikomis,https://www.lamaistas.lt/receptas/marinuoti-zali-pomidorai-su-paprikomis-81640,https://www.lamaistas.lt/uploads/modules/recipes/thumb300x224/40858.jpg
72,Kremiški makaronai su pomidorų ir sūrio padažu,https://www.lamaistas.lt/receptas/kremiski-makaronai-pomidoru-ir-surio-padaze-81537,https://www.lamaistas.lt/uploads/modules/recipes/thumb300x224/40726.jpg
73,"Greitas ""balandėlių"" troškinys",https://www.lamaistas.lt/receptas/greitas-balandeliu-troskinys-64700,https://www.lamaistas.lt/uploads/modules/recipes/thumb300x224/31583.jpg
74,Gaivios itališkos daržovių salotos su duonos gabaliukais,https://www.lamaistas.lt/receptas/gaivios-italiskos-darzoviu-salotos-su-duonos-gabaliukais-81616,https://www.lamaistas.lt/uploads/modules/recipes/thumb300x224/40811.jpg
75,Amerikietiški blyneliai,https://www.lamaistas.lt/receptas/amerikietiski-blyneliai-34596,https://www.lamaistas.lt/uploads/modules/recipes/thumb300x224/35538.jpg
76,Trinta moliūgų sriuba įdomiau,https://www.lamaistas.lt/receptas/trinta-moliugu-sriuba-81638,https://www.lamaistas.lt/uploads/modules/recipes/thumb300x224/40908.jpg
77,Vytintos slyvos žiemai,https://www.lamaistas.lt/receptas/vytintos-slyvos-ziemai-81633,https://www.lamaistas.lt/uploads/modules/recipes/thumb300x224/40846.jpg
78,Sluoksniuotos tešlos pyragėliai su obuoliais,https://www.lamaistas.lt/receptas/sluoksniuotos-teslos-pyrageliai-su-obuoliais-81629,https://www.lamaistas.lt/uploads/modules/recipes/thumb300x224/40837.jpg
79,Purus bulvių ir cukinijų kugelis,https://www.lamaistas.lt/receptas/bulviu-ir-cukiniju-kugelis-64790,https://www.lamaistas.lt/uploads/modules/recipes/thumb300x224/31162.jpg
80,Soti pomidorinė vištienos ir daržovių sriuba su pupelėmis,https://www.lamaistas.lt/receptas/soti-pomidorine-vistienos-ir-darzoviu-sriuba-su-pupelemis-64787,https://www.lamaistas.lt/uploads/modules/recipes/thumb300x224/31159.jpg
81,Saldžiarūgščiai marinuotos cukinijos su pomidorų pasta,https://www.lamaistas.lt/receptas/saldziarugsciai-marinuotos-cukinijos-su-pomidoru-pasta-81609,https://www.lamaistas.lt/uploads/modules/recipes/thumb300x224/40790.jpg
82,Vištiena su alyvuogėmis ir pomidorais,https://www.lamaistas.lt/receptas/vistiena-su-alyvuogemis-ir-pomidoriukais-81598,https://www.lamaistas.lt/uploads/modules/recipes/thumb300x224/40763.jpg
83,Sotūs sumuštiniai su tunu ir daržovėmis,https://www.lamaistas.lt/receptas/sotus-sumustiniai-su-tunu-ir-darzovemis-81799,https://www.lamaistas.lt/uploads/modules/recipes/thumb300x224/41402.jpg
84,Cukinijų kamuoliukai orkaitėje,https://www.lamaistas.lt/receptas/cukiniju-kamuoliukai-orkaiteje-64544,https://www.lamaistas.lt/uploads/modules/recipes/thumb300x224/30913.jpg
85,Greitas slyvų kompotas,https://www.lamaistas.lt/receptas/greitas-slyvu-kompotas-81626,https://www.lamaistas.lt/uploads/modules/recipes/thumb300x224/40834.jpg
86,Tobulas obuolių pyragas - fantastiškai skanus,https://www.lamaistas.lt/receptas/tobulas-obuoliu-pyragas-fantastiskai-skanus-62424,https://www.lamaistas.lt/uploads/modules/recipes/thumb300x224/26031.jpg
87,Karšti sumuštiniai su karamelizuotais obuoliais ir sūriu,https://www.lamaistas.lt/receptas/karsti-sumustiniai-su-karamelizuotais-obuoliais-ir-suriu-81578,https://www.lamaistas.lt/uploads/modules/recipes/thumb300x224/40722.jpg
88,Tortilijų suktinukai su vištiena ir pupelėmis,https://www.lamaistas.lt/receptas/tortiliju-suktinukai-su-vistiena-ir-pupelemis-79688,https://www.lamaistas.lt/uploads/modules/recipes/thumb300x224/36375.jpg
89,Obuolių ir svogūnų čatnis žiemai,https://www.lamaistas.lt/receptas/obuoliu-ir-svogunu-catnis-64757,https://www.lamaistas.lt/uploads/modules/recipes/thumb300x224/31114.jpg
90,"Morkų mišrainė žiemai su obuoliais ir pomidorų padažu, be acto",https://www.lamaistas.lt/receptas/morku-misraine-ziemai-su-obuoliais-ir-pomidoru-padazu-be-acto-58612,https://www.lamaistas.lt/uploads/modules/recipes/thumb300x224/17995.jpg
91,Soti vištienos ir moliūgų sriuba,https://www.lamaistas.lt/receptas/soti-vistienos-ir-moliugu-sriuba-61096,https://www.lamaistas.lt/uploads/modules/recipes/thumb300x224/23018.jpg
92,Naminė duona su cukinijomis,https://www.lamaistas.lt/receptas/duona-su-cukinijomis-81627,https://www.lamaistas.lt/uploads/modules/recipes/thumb300x224/40835.jpg
93,Faršu įdarytos paprikos orkaitėje,https://www.lamaistas.lt/receptas/idarytos-paprikos-30755,https://www.lamaistas.lt/uploads/modules/recipes/thumb300x224/34164.jpg
94,Sotūs pusryčių sumuštiniai su avokadu ir kiaušiniu,https://www.lamaistas.lt/receptas/sotus-pusryciu-sumustiniai-su-avokadu-ir-kiausiniu-81594,https://www.lamaistas.lt/uploads/modules/recipes/thumb300x224/40756.jpg
95,Obuolių pyragas su varške - prancūziško stiliaus,https://www.lamaistas.lt/receptas/obuoliu-pyragas-su-varske-prancuzisko-stiliaus-81780,https://www.lamaistas.lt/uploads/modules/recipes/thumb300x224/41316.jpg
96,Pusryčių sumuštiniai su vištienos salotomis,https://www.lamaistas.lt/receptas/pusryciu-sumustiniai-su-vistienos-salotomis-79827,https://www.lamaistas.lt/uploads/modules/recipes/thumb300x224/36602.jpg
97,Trapios tešlos pyragėliai su grybais,https://www.lamaistas.lt/receptas/trapios-teslos-pyrageliai-su-grybais-81567,https://www.lamaistas.lt/uploads/modules/recipes/thumb300x224/40699.jpg
98,Varškės apkepas su obuoliais,https://www.lamaistas.lt/receptas/varskes-apkepas-su-obuoliais-31662,https://www.lamaistas.lt/uploads/modules/recipes/thumb300x224/22412.jpg
99,Kepti tortilijų kąsneliai su pikantišku varškės įdaru,https://www.lamaistas.lt/receptas/kepti-tortiliju-kasneliai-su-pikantisku-idaru-81593,https://www.lamaistas.lt/uploads/modules/recipes/thumb300x224/40754.jpg
100,„Mini Dutch babies“ – keksiukų formoje kepti blyneliai su obuoliais ir avietėmis,https://www.lamaistas.lt/receptas/mini-dutch-babies-keksiuku-formoje-kepti-blyneliai-su-obuoliais-ir-avietemis-81568,https://www.lamaistas.lt/uploads/modules/recipes/thumb300x224/40703.jpg
101,Vasariškos bulvyčių salotos su lengvu užpilu,https://www.lamaistas.lt/receptas/vasariskos-bulvyciu-salotos-su-lengvu-uzpilu-81411,https://www.lamaistas.lt/uploads/modules/recipes/thumb300x224/40326.jpg
102,Klasikiniu būdu marinuoti pomidorai žiemai,https://www.lamaistas.lt/receptas/klasikiniu-budu-marinuoti-pomidorai-ziemai-9956,https://www.lamaistas.lt/uploads/modules/recipes/thumb300x224/16738.jpg
103,Obuolių žiedai tešloje,https://www.lamaistas.lt/receptas/obuoliu-ziedai-81569,https://www.lamaistas.lt/uploads/modules/recipes/thumb300x224/40705.jpg
104,Sviestinis obuolių pyragas - mano pats pačiausias!,https://www.lamaistas.lt/receptas/sviestinis-obuoliu-pyragas-mano-pats-paciausias-58490,https://www.lamaistas.lt/uploads/modules/recipes/thumb300x224/35684.jpg
105,Pomidorų tyrė žiemai su saldžiąja paprika,https://www.lamaistas.lt/receptas/pomidoru-tyre-ziemai-su-saldziaja-paprika-81572,https://www.lamaistas.lt/uploads/modules/recipes/thumb300x224/40710.jpg
106,"Trinta šviežių pomidorų sriuba - skani ir karšta, ir šalta",https://www.lamaistas.lt/receptas/trinta-svieziu-pomidoru-sriuba-skani-ir-karsta-ir-salta-60631,https://www.lamaistas.lt/uploads/modules/recipes/thumb300x224/21935.jpg
107,Amerikietiški blyneliai su obuoliais,https://www.lamaistas.lt/receptas/amerikietiski-blyneliai-su-obuoliais-64683,https://www.lamaistas.lt/uploads/modules/recipes/thumb300x224/31048.jpg
108,Greitai marinuoti pomidorai su burrata sūriu,https://www.lamaistas.lt/receptas/greitai-marinuoti-pomidorai-su-burrata-suriu-81589,https://www.lamaistas.lt/uploads/modules/recipes/thumb300x224/40744.jpg
109,Žiedinių kopūstų putėsių tortas,https://www.lamaistas.lt/receptas/ziediniu-kopustu-putesiu-tortas-81584,https://www.lamaistas.lt/uploads/modules/recipes/thumb300x224/40733.jpg
110,Trupininis pyragas su slyvomis,https://www.lamaistas.lt/receptas/trupininis-pyragas-su-slyvomis-81557,https://www.lamaistas.lt/uploads/modules/recipes/thumb300x224/40721.jpg
111,Tobula cukinijų duona su sūriu,https://www.lamaistas.lt/receptas/cukiniju-duona-su-suriu-64703,https://www.lamaistas.lt/uploads/modules/recipes/thumb300x224/31144.jpg
112,Pomidorų ir obuolių čatnis prie mėsos,https://www.lamaistas.lt/receptas/pomidoru-ir-obuoliu-catnis-prie-mesos-60407,https://www.lamaistas.lt/uploads/modules/recipes/thumb300x224/21383.jpg
113,Vasariškas cukinijų troškinys su krevetėmis,https://www.lamaistas.lt/receptas/cukiniju-ir-kreveciu-troskinys-81536,https://www.lamaistas.lt/uploads/modules/recipes/thumb300x224/40639.jpg
114,Saldžiarūgštė agurkų ir svogūnų mišrainė žiemai,https://www.lamaistas.lt/receptas/saldziarugste-agurku-ir-svogunu-misraine-ziemai-58016,https://www.lamaistas.lt/uploads/modules/recipes/thumb300x224/16981.jpg
115,"Desertas stiklinėse ""Pina colada""",https://www.lamaistas.lt/receptas/desertas-stiklinese-pina-colada-80876,https://www.lamaistas.lt/uploads/modules/recipes/thumb300x224/39109.jpg
116,Sveikuoliški avokadų sumuštiniai nuostabiems pusryčiams,https://www.lamaistas.lt/receptas/sveikuoliski-avokadu-sumustiniai-nuostabiems-pusryciams-59372,https://www.lamaistas.lt/uploads/modules/recipes/thumb300x224/19410.jpg
117,Cukinijos su pesto padažu - tobulas garnyras,https://www.lamaistas.lt/receptas/cukinijos-su-pesto-padazu-tobulas-garnyras-60615,https://www.lamaistas.lt/uploads/modules/recipes/thumb300x224/21879.jpg
118,Drėgnas kakavinis tortas su cukinijomis,https://www.lamaistas.lt/receptas/dregnas-kakavinis-tortas-su-cukinijomis-81585,https://www.lamaistas.lt/uploads/modules/recipes/thumb300x224/40734.jpg
119,Aštri naminė adžika žiemai,https://www.lamaistas.lt/receptas/astri-namine-adzika-ziemai-10457,https://www.lamaistas.lt/uploads/modules/recipes/thumb300x224/16683.jpg
120,Greitas slyvų džemas žiemai,https://www.lamaistas.lt/receptas/slyvu-dzemas-60592,https://www.lamaistas.lt/uploads/modules/recipes/thumb300x224/21811.jpg
121,Cukinijų suktinukai su lašiša,https://www.lamaistas.lt/receptas/cukiniju-suktinukai-su-lasisa-64618,https://www.lamaistas.lt/uploads/modules/recipes/thumb300x224/30798.jpg
122,Saldžiarūgščiai marinuoti žiediniai kopūstai su ciberžole,https://www.lamaistas.lt/receptas/saldziarugsciai-marinuoti-ziediniai-kopustai-su-ciberzole-81573,https://www.lamaistas.lt/uploads/modules/recipes/thumb300x224/40711.jpg
123,Varškės tinginys su obuoliais (be kondensuoto pieno),https://www.lamaistas.lt/receptas/varskes-tinginys-su-obuoliais-be-kondensuoto-pieno-65354,https://www.lamaistas.lt/uploads/modules/recipes/thumb300x224/32269.jpg
124,Slyvų uogienė - mano skaniausioji,https://www.lamaistas.lt/receptas/slyvu-uogiene-10234,https://www.lamaistas.lt/uploads/modules/recipes/thumb300x224/21355.jpg
125,Tobuli makaronai su pomidorais ir baklažanais „Alla Norma“,https://www.lamaistas.lt/receptas/tobuli-makaronai-su-pomidorais-ir-baklazanais-alla-norma-81555,https://www.lamaistas.lt/uploads/modules/recipes/thumb300x224/40671.jpg
126,Šilta poliarinė duonelė su ant grilio kepta vištiena ir daržovėmis,https://www.lamaistas.lt/receptas/silta-poliarine-duonele-su-ant-grilio-kepta-vistiena-ir-darzovemis-81293,https://www.lamaistas.lt/uploads/modules/recipes/thumb300x224/40029.jpg
127,Rauginti svogūnai žiemai,https://www.lamaistas.lt/receptas/rauginti-svogunai-ziemai-81550,https://www.lamaistas.lt/uploads/modules/recipes/thumb300x224/40663.jpg
128,Cukinijų bokšteliai įdaryti krabų lazdelėmis,https://www.lamaistas.lt/receptas/cukiniju-boksteliai-idaryti-krabu-lazdelemis-81530,https://www.lamaistas.lt/uploads/modules/recipes/thumb300x224/40636.jpg
129,Greiti pyragėliai su obuoliais (keptuvėje ar orkaitėje),https://www.lamaistas.lt/receptas/greiti-pyrageliai-su-obuoliais-keptuveje-ar-orkaiteje-63191,https://www.lamaistas.lt/uploads/modules/recipes/thumb300x224/27665.jpg
130,Šviežių pomidorų sriuba su lęšiais,https://www.lamaistas.lt/receptas/svieziu-pomidoru-sriuba-su-lesiais-60580,https://www.lamaistas.lt/uploads/modules/recipes/thumb300x224/21776.jpg
131,Mangų putėsių tortas,https://www.lamaistas.lt/receptas/mangu-putesiu-tortas-81542,https://www.lamaistas.lt/uploads/modules/recipes/thumb300x224/40645.jpg
